sentence,pred,label,loss
conceptually cream skimming has two basic dimensions - product and geography.,.,two,6.377758979797363
one of our number will carry out your instructions minutely.,friends,number,8.061511993408203
how do you know? all this is their information again.,',again,11.416963577270508
my walkman broke so i'm upset now i just have to turn the stereo up real loud,was,m,3.7885704040527344
(read  for slate 's take on jackson's findings.),',.,3.942645311355591
gays and lesbians.,;,##s,2.1597800254821777
"i burst through a set of cabin doors, and fell to the ground-",the,cabin,10.440131187438965
fun for adults and children.,for,for,0.6511825323104858
issues in data synthesis.,organic,data,8.682901382446289
well you see that on television also,know,see,3.675542116165161
vrenna and i both fought him and he nearly took us.,killed,took,6.041081428527832
this analysis pooled estimates from these two studies to develop a c-r function linking pm to chronic bronchitis.,bro,bro,0.00036435641231946647
he turned and smiled at vrenna.,back,smiled,7.449841022491455
we sought to identify practices that were commonly implemented by the agencies within the past 5 years.,was,commonly,9.641721725463867
the other men shuffled.,vs,shuffled,10.398733139038086
well it's been very interesting,',',0.007210541516542435
he started slowly back to the bunkhouse.,the,the,1.238381028175354
yeah well you're a student right,are,re,3.5972280502319336
postal service were to reduce delivery frequency.,services,service,5.3633832931518555
were they in there?,the,there,6.014932155609131
there's a uh a couple called um oh i'm going to forgot his name now uh dirkson,to,',3.453662157058716
"poirot, i exclaimed, with relief, and seizing him by both hands, i dragged him into the room. ",thought,exclaimed,6.753700256347656
"the word aswan actually means trade or market in ancient egyptian, signifying its most pre-eminent activity.",word,word,0.8214967250823975
well what the market can bear and,bear,market,8.372190475463867
and it is nice talking to you all righty,important,talking,4.664187908172607
you have access to the facts. ,you,you,1.240731120109558
build environment engineering manufacturing production (all rate tooling) (1st set of production tooling),',(,7.768283843994141
she smiled back.,stepped,smiled,3.3185904026031494
how do we fix this?',.,?,4.924015522003174
but that takes too much planning,much,much,0.036379002034664154
because it plays on my childhood imagination.,with,on,2.2880606651306152
it's slow it's uh there are many better machines on the market right now for,",",right,5.290672779083252
"at the heart of the sanctuary, a small granite shrine once held the sacred barque of horus himself.",the,granite,10.097898483276367
consider the united states postal service.,states,states,0.009278982877731323
in full costume.,-,costume,8.230709075927734
take a remarkable statistic that shesol cites but lets pass relatively unexamined.,une,une,0.03827595338225365
get individuals to invest their time and the funding will follow.,:,to,4.130712032318115
"the man on the ground thinks for a moment and yells back, you must work in management.",.,back,8.891926765441895
the economy could be still better.,be,be,0.1117251068353653
hills and mountains are especially sanctified in the cult of jainism.,.,in,6.372272491455078
the famous tenements (or lands ) began to be built.,depart,ten,0.7230724096298218
in the midst of this amazing amalgam of cultures is a passion for continuity.,to,this,7.651082515716553
entreaties to the apartment's owner have gone nowhere.,##ati,##ati,0.42788463830947876
mrs. cavendish is in her mother-in-law's room. ,mother,mother,0.9383631944656372
but i thought you'd sworn off coffee.,',',0.06638245284557343
we stink all the time.,they,we,3.954301118850708
ca'daan continued.,the,',3.846813917160034
well because how how hot i mean like like in the coldest that it gets in winter down there how much is it,is,how,10.105203628540039
each of the men wore leather armor and dressed in the style of heavy riders.,",",dressed,2.858879566192627
the man should have died instantly.,had,have,5.005157947540283
"in summer the rice forms a green velvety blanket, then turns golden in autumn when it ripens and is harvested.",and,golden,9.583230018615723
clark also expressed the hope that he and redgrave could continue with their marriage.,also,also,0.8757913708686829
"the poverty, for instance, does not create the sense of shame as it does for people who live in western countries.",.,create,5.7859344482421875
which i mean i think it should be anyway,i,i,0.06097405403852463
"so, i went to court by myself and told them the truth, but it did not do me any good.",for,any,5.789889335632324
"click more links (on the right-hand side under miscellaneous), and from",external,more,7.519350528717041
and so i started watching it and all of a sudden stay tuned next week and i went what,.,week,12.08784008026123
no oh no oh well take care,',oh,14.10478687286377
"'hello, ben.'",.,ben,10.102020263671875
how can you prove it,.,how,8.046239852905273
well see that is not too bad  a couple hours,every,a,0.771342933177948
"in the east, christian forces were in retreat as a new moslem power began to rise.",##m,##m,0.03242956101894379
we have been told on reasonably high authority that true charity vaunteth not itself,was,been,5.292399883270264
yeah and what to do when they're faced with it,.,yeah,15.795088768005371
"he mostly hangs out with a group of older, southern black men, who call him jumper and black cat.",.,out,4.394768714904785
'less loud.,and,less,7.519731521606445
i'm going to be able to make my own clothes,can,to,2.750943660736084
the river plays a central role in all visits to paris.,',a,3.1389050483703613
they're supposed to be bilingual,',',0.3089272379875183
"oh, czarek, but will happen to us?",.,",",13.199993133544922
"turned out, i was not completely wrong.",aw,not,8.52281379699707
"native  'me win, me passum heap big law ...",in,big,12.7901611328125
"in any case--it's over.""  ",',-,8.146871566772461
the herbal extract shows success in treating mild dementia and preventing alzheimer's memory loss.,in,in,0.07502912729978561
that is why icons have the power they have.,.,is,4.674175262451172
said i was foolishly proud. ,he,i,1.8306803703308105
the word had filled his head as though the girl had whispered directly into both ears.,come,whispered,6.091009140014648
or at least they try and do something about it first,at,at,0.0001323135511483997
theoretically scale economies in delivery are not firm specific.,:,in,4.195532321929932
"others complain that the superstars are over the hill, and are trotting out mediocre work.",tr,tr,0.06044396758079529
the union has about 4000 members in canada.,of,in,1.4290508031845093
"have you any tips to give us before we clear out?""",',before,10.446711540222168
"'uh, hi guys,' daniel said meekly.",.,',4.2285990715026855
oh um i talked to someone about san antonio,said,talked,2.944612503051758
a misty morning makes the scene even more evocative of the past.,ev,ev,0.0014187756460160017
"races are held between april and december at the veliefendi hippodrome near bakerky, 15 km (9 miles) west of istanbul.",the,istanbul,13.217558860778809
um-hum so you figure one of these days you're going to go back to being an engineer is that what you think,hundred,of,4.62418794631958
right on the waterfront; offers a more formal atmosphere and a great place to catch a sunset.,the,catch,4.320255279541016
(kohler's dictionary for accountants) contract authority - contract authority is a subset of budget authority.,the,contract,10.943801879882812
it will be a pleasure dressing jane.,to,will,1.8264093399047852
"in applying this requirement, the following factors may influence the auditors' assessment of control ",lack,assessment,5.337437629699707
do they live close by,they,do,7.631222248077393
history defies laws.,.,laws,11.854351043701172
now conservatives are fighting back.,',conservatives,15.791326522827148
"the house is surprisingly small and simple, with one bedroom, a tiny kitchen, and a couple of social rooms.",',a,7.074524879455566
"fiction has its glories, but concealment is merely squalid.",enlist,conceal,2.0344228744506836
are there children who need to be entertained?,?,need,8.605249404907227
"hopefully, wall street will take voluntary steps to address these issues before it is forced to act.",was,is,3.4094200134277344
okay pro football i like two teams one the new york giants and the second is the raiders,.,and,3.6174449920654297
in public places there is one state that does that by the way,the,in,3.6394503116607666
we have gone on trips we've bathed in streams,##ered,bathed,6.767796993255615
initiatives completed under phase i of the plan include the ,the,the,1.778729796409607
yeah well i'm well i'm definitely for it,am,m,6.2830657958984375
but what he means by what he shows is anybody's guess.,did,shows,7.9944610595703125
you know and held over for trial,i,you,0.9164935946464539
i tipped it upside down.,upside,upside,2.0240910053253174
"for a screening test, high sensitivity is the most desirable parameter.",.,is,6.103518486022949
what involvement did other key players have in connection with these accountability failures?,no,in,6.055469989776611
"in the violet shade of morning, ca'daan saw adrin standing on the dunes in sword practice.",##vo,##an,8.837177276611328
i bet even my cats could do that,',even,8.305181503295898
he distinctly said you were to repair the sky.,she,he,1.114402413368225
they watched me constantly for weeks.,.,me,7.099269866943359
"it has a staff of about 100 employees, including attorneys and support staff, in 10 branch offices.",the,a,2.5147287845611572
first we applied three alternative concentrationresponse (c-r) functions to estimate premature mortality incidence.,.,first,6.830511093139648
all we've done is checked that the first two creditors divided their collective share of $125 appropriately,.,done,9.023858070373535
so that will definitely help in taxes and what you will get back,',you,9.008099555969238
the smart annie was not in evidence.,the,evidence,9.830509185791016
"yes, mistuh reese, suh? ",',",",5.972093105316162
"at the heart of the sanctuary, a small granite shrine once held the sacred barque of horus himself.",the,small,9.896003723144531
postal service's domestic rates for first-class and priority mail to the inbound mail distribution described above.,.,for,5.325107097625732
do you like um any rock and roll at all,it,at,6.576244831085205
"dining room, grill, pub.",upstairs,grill,7.676004409790039
"but such a show would have meant the museum taking a hard look at its own, often controversial part in the art world.",',such,8.468143463134766
"and while we allow people to give a kidney to their child, we do not allow them to donate their heart.",.,and,7.628176212310791
"unbar, francisco! he called in spanish.",wrote,called,5.9552083015441895
"who could there be?""",.,?,3.9790258407592773
my wife and daughter are the ones doing riley.,.,and,8.583369255065918
take a backwaters trip through the lagoons and around the island villages.,and,around,10.965868949890137
alcohol use and trauma.,.,trauma,17.234317779541016
'but if they catch me...',.,me,5.160628795623779
"the win brought tears to her eyes, of course, and prompted a phone call to mom in india.",",",brought,2.478900909423828
"the muslim campaign for partition was led by london-trained bombay lawyer, muhammad ali jinnah.",the,the,0.12260651588439941
it's um it's it's amazingly less expensive than it is,',s,7.682333946228027
automobile includes small trucks.,this,automobile,15.785784721374512
"you're quite safe."" her breath came more normally, and the colour was returning to her cheeks.",in,the,1.569907307624817
probably so probably so um-hum,.,-,5.612488269805908
"after its early failure, hubble now provides vital clues to the universe.",the,early,6.6193132400512695
well they all come back from from the bottom,the,well,8.531734466552734
just a hunch.,a,just,5.6700263023376465
the span  a guide to legal services planning.,rough,span,14.818889617919922
yeah i think they did a pretty good job but  they did not follow it exactly but they did give it you know do it justice,can,know,8.761748313903809
"she always says the right thing, does the right thing, wears the right clothes.",.,right,9.815557479858398
'you killed derry.',mean,killed,6.834856986999512
"twelve days later, i made my second.",two,twelve,5.071202278137207
and enjoy nature and uh kind of wipe out the stress of everyday life i'd always,d,i,3.5939793586730957
"mrs. vandemeyer, she read, ""20 south audley mansions.",.,mansions,17.087621688842773
i'd call it a bad date.,to,',8.356870651245117
"for adventurous travelers looking for an introduction to the south, the rewards are rich.",world,south,5.713754653930664
it covers most but not all close senate and gubernatorial races.),',.,3.2023425102233887
the component may also be a contractor.,be,be,1.1880422830581665
the point is not that investing in foreign companies is necessarily a mistake.,is,is,0.3447031080722809
"currently oasi and di make payments to that account, and hi receives payment.",.,payment,12.194198608398438
a plausible increase in the penetration of computer ownership by households over the course of a single year.,and,of,2.445155143737793
"but the explanation is institutional, not ideological.",the,but,7.269464015960693
you and tuppence have been sticking together like siamese twins.,##ppe,##ppe,0.051612868905067444
participants generally agreed that improvements in corporate governance will bring about improvements in auditing.,in,in,0.368360698223114
authorizing and approving ,app,app,0.0018262865487486124
ever see a contemplative power ranger?,con,con,8.797258487902582e-05
"every tube contained a body, and every body was a famous figure from history.",in,from,4.293461322784424
"the great kanto earthquake of 1923 destroyed some 60,000 homes in yokohama and took over 20,000 lives.",earthquake,earthquake,0.18346504867076874
oh was that good i heard oh okay,:,oh,6.461032390594482
"the only adult males allowed in the harem were the black eunuchs, who were in charge of security and administration.",-,the,2.558433771133423
"due to the amount of information now available, power has shifted from the physician to the patient.",.,from,4.632349967956543
i know i am um i do not know anybody in their right mind that says that that i'm doing it because i want to i,##y,that,6.348227500915527
"is not that america's last bastion of mobsters, racists, and hacks?",##sters,##sters,0.6188839077949524
"let me try it."" she began snapping her fingers and saying the word eagerly, but nothing happened.",.,it,6.027647018432617
"there is also an archaeological museum that displays older relics, including examples of mycenaean pottery.",hundreds,examples,4.655861854553223
research over the last 20 years has changed the scientific view of life.,had,has,1.505193829536438
perhaps he should clear out even farther and head for california.,the,california,12.523563385009766
"for the moment, he sought refuge in retreat, and left the room precipitately. ",that,the,1.5616040229797363
in june you can watch dealers haggling over heaps of white silkworm cocoons.,and,over,2.9967803955078125
"the results looked like versace melded with blade runner , says newsweek 's steven levy.",inc,says,9.893789291381836
he waited for the group on the nearby 18 th green to finish.,',18,9.728498458862305
no not near as much as i'd like to i mean i've i tend to stay pretty busy at my job and uh,was,pretty,5.861810207366943
we have a problem concerning gift etiquette.,in,gift,12.203751564025879
the inglethorps did not appear. ,##he,##hor,6.748400688171387
equivalent to increasing national saving to 19.,life,national,8.810401916503906
you're mad.,aw,mad,5.05199670791626
"inside, a huge mountain of a man, even bigger than thorn, fought with a huge two-handed axe.",than,than,0.04700424522161484
jon had only seen two people move that fast in his life,the,seen,3.4904091358184814
we developed technical assistance funds for creative planning projects and obtained a $15.,5,15,3.785979986190796
"i have done my best to target unpopulated areas at unpopulated times, but the guilt still weights heavy on my soul.'",.,areas,17.059772491455078
thurmond announced a few weeks ago that he will not run again.,',he,4.844599723815918
auditors will need to exercise professional judgment in assessing the significance of audit results or findings.,his,professional,9.91314697265625
where's tommy? ,is,',6.276596546173096
the lot upon which it is being built had been vacant.,a,the,2.3236100673675537
"or he has not really thought it through, which itself would cast doubt on the depth of his faith.",.,or,12.102954864501953
network externalities are in.,these,network,11.628954887390137
we could use their assistance should it be needed.,safe,needed,6.442138195037842
not a pleasant prospect and not one easily avoided---not even by any reform package or proposal that i've seen.,and,proposal,12.51089096069336
the result was the four raphael rooms (stanze di raffaello).,##fa,##fa,0.0008372138836421072
grand row! ,front,grand,8.544637680053711
"pointe pitre's cathedral, the basilique saint-pierre et saint-paul, features unusual metal columns and balconies.",##re,##re,1.0991284847259521
"had that piquant gipsy face been at the bottom of the crime, or was it 73 the baser mainspring of money? ",##ddy,##psy,3.3455240726470947
uh no i did not,the,no,5.720901966094971
we drive sixty five oh yes well,-,sixty,5.649504661560059
major tourist shops have forms and details.,the,major,7.814433574676514
randy's tough love wrap-up,shut,wrap,6.3900041580200195
yeah i'm in north carolina,from,in,2.2260406017303467
"he was watching muller as if the sergeant, rather than his men, was the focal point of any future attack.",always,he,5.327786445617676
"i could feel gazes on my back; people peering out from between curtains, stealing glimpses through letterboxes.",from,through,4.7917094230651855
good.' natalia glared.,.,.,1.4049874544143677
sophisticated research is required to tease apart the complex interactions between these variables.,the,these,3.38828182220459
what about me?,the,me,5.399499416351318
they use the the injection thing or whatever it is,##s,thing,9.551546096801758
" he was here less than two days and already he thought of this town as home, something he wished to protect.",',already,9.253703117370605
" ""all whose true names they could find, that is,"" garm amended.",the,true,7.787364482879639
"had they any clue, or 103 would the whole thing remain in the category of undiscovered crimes? ",und,und,0.00011634149996098131
"a few schools, including harvard, new york and georgetown universities, already have them.",.,already,6.424559593200684
the point is not that polls are dishonest.,this,the,1.8142541646957397
but uh what's that,what,uh,12.966071128845215
"he was writing a warning, not a prescription.",a,a,0.7241674661636353
stop blaming john.,-,blaming,10.335918426513672
kashmir remained an unresolved problem of partition.,issue,problem,3.790400743484497
"all the discoveries have been made by japp, and japp will take all the credit. ",his,the,1.5631502866744995
you outwitted me.,##wi,##wi,0.01484314538538456
yeah but that's that's true just about every,.,yeah,15.955933570861816
he was lecherous and strange.,##ous,##ous,0.0036896266974508762
this brought forth a small number of articulate dissensions.,he,this,1.781205177307129
oh yeah no that's uh that's a that's a real interesting movie and it's got a good historical perspective to it,-,a,4.385279655456543
your guess is as good as mine.,my,your,3.824551582336426
someone was applauding.,app,app,4.756337511935271e-05
you know used to play it a lot when i was in school but  now that i'm married and stuff i,i,i,0.00021896349790040404
table 7-1 shows a summary of resource demand and its effect on current supply.,1,7,4.6960859298706055
"yes, continued whittington.",.,",",3.31054949760437
"unless otherwise noted, hotels take all major credit cards.",&,take,10.410454750061035
"of course, there is always the chance that the company's management has simply gone mad.",was,is,1.3848313093185425
the rest of the industry is waiting to see how much control the government demands over recovered keys.,the,the,0.00150781380943954
the mosque is unusual in cairo in that it has no facade it is hidden behind a protective wall with nineteen openings.,the,the,0.3749289810657501
"warn't no apaches, that's for certain.",',t,5.592681884765625
the commission prepared a final regulatory flexibility analysis pursuant to section 604.,group,commission,6.287978172302246
should the intervention include the family?,a,the,1.932314395904541
"it's now a school, the colegio de santo domingo.",santo,santo,0.07698503136634827
i think then that's a step away from even duty i do not think they even have a sense of the responsibility,was,s,7.546826362609863
"it was a smaller room than the one downstairs, and there was something peculiarly airless about the atmosphere of it.",the,it,7.42769718170166
"he held out a hand to the salamander, petted it to a gentle glow and put it back over dave's chest.",his,a,3.3270444869995117
"its principal scandal reporter, ambrose evans-pritchard, has published lots of stories on the suicide.",##ard,##ard,0.011310270987451077
"i never like to leave canada, because i'm disappointed every time.",',because,16.70237159729004
"in her soft grey frock, with white ruffles at the wrists falling over her slender hands, she looked very beautiful. ",.,over,11.314377784729004
"at the sight of tommy, julius's eyes seemed as though they would pop out of his head.",.,",",16.02054214477539
"seemed that whoever the killer was, she'd let him into her home voluntarily.",with,she,7.017129898071289
and even the painter could not give me a good estimate he said well i'll be done this afternoon you know,',could,8.77104663848877
there's a pile of money called the social security trust fund.,a,a,0.5068099498748779
"dave hanson, to whom nothing is impossible, he said.",jones,hanson,7.733233451843262
"if moynihan has anything to do with it, al gore will not get bill clinton's.",wanted,has,4.29871129989624
"still, miyajima manages to be both solemn and lively.",.,manages,9.28370189666748
expressed about the methodology and results of the procedures to determine the federal pay gap.,add,determine,8.66663646697998
"tomb 57, that of khaemhat, was decorated with statues of himself and his family very rare for tombs of his class.",themselves,himself,3.235349655151367
thank you. tuppence felt a terrific rise in her spirits.,thank,thank,0.9512262940406799
the place was a living tomb… .,this,the,1.2291948795318604
"he hired a room, and i hired one too.",be,and,2.0708541870117188
the dramatically rising cliff of black basalt stone made the castle impregnable to all but the most wily commander.,to,to,0.6676566004753113
somehow i hoped that as a people we could be better than than um expecting,the,than,10.983285903930664
he gasped for air and his head throbbed.,as,for,2.7277028560638428
yeah i i think you really have to be disciplined,',think,8.005776405334473
oh okay i'll let you go,',',0.26723799109458923
"authentic jamaican cuisine (including jerk chicken, pork, and fish), or choose your own lobster.",.,(,7.32648229598999
up to a forty four magnum any any of them in the correct hands they're an absolutely fantastic weapon,the,absolutely,10.133152961730957
i i seems like it was on a friday friday or saturday,night,friday,7.128922462463379
i beg your pardon. a man's voice beside her made her start and turn.,:,your,6.639760971069336
i am not keeping back facts. ,was,not,7.076476573944092
around him stood the remainder of the sticks.,the,the,0.0021738011855632067
he scanned the great lawyer eagerly.,the,great,9.782906532287598
cdc centers for disease control and prevention cert/cc certa coordination center,##rti,##rt,6.908292293548584
it was at that moment that the full realization of his folly began to come home to tommy.,it,it,0.5831459164619446
the next witness was mary cavendish. ,the,next,7.815781116485596
and you got to have your cranberry sauce now i like jellied kind,##an,##an,0.0023744504433125257
it was dead quiet.,it,it,0.35587674379348755
no um my husband has a grandmother in a nursing home and that has been a real mess to say the least,.,home,1.2612240314483643
but uh because i work for uh hal ammon,##de,am,7.249647617340088
yeah the current average or whatever,the,yeah,12.515371322631836
"she had decided not to ask if sir james was ""at home,"" but to adopt a more personal attitude.",imp,adopt,12.725800514221191
nor was a common start or end point identified for design review as an element of the facility acquisition process.,in,for,6.675073146820068
"dublin is an intimate city, physically small but tightly packed, a perfect place for walking.",the,an,9.019386291503906
you will be able to buy it at the giftshop adjacent to the ship on your visit.,.,it,3.5200204849243164
the others followed.,others,others,2.516237735748291
u.s. economic interests through the prevention and mitigation ofmarine incidents.,.,incidents,20.02423667907715
it could be very confusing.,it,it,1.771971583366394
room 5 holds objects from the final phase of minoan civilization (1450-1400 b.c.).,-,.,3.948747158050537
"the magazine's humor often depended on racist and sexist stereotypes, such as wide-grinned, watermelon-eating blacks.",ga,wide,8.684244155883789
"but, says lindburg, 'if you protect the panda, you're protecting the golden monkey, the monal pheasants, the takins.",he,",",6.663389682769775
it was refurbished in the victorian era but rendered useless by succeeding nile dams.,the,it,1.1649280786514282
so what do you think about it,of,about,0.8466774821281433
yeah well i think they got i think that was almost everyone of them that he recruited uh recruited for this year,all,everyone,5.701291561126709
as a matter of fact he is.,the,fact,5.3383870124816895
"here, where you should click the fifa online link, which you'll find on the left (under the basics).",",",should,8.029202461242676
she had come to know betty currie very well.,.,currie,14.613436698913574
why come here? the torrent has started already and many other southern villages surely draw the interest of bandits.,been,started,6.661520481109619
it took the advent of jetliners and cruise ships for that to happen.,.,and,8.905732154846191
uh malaysia four years in malaysia and three years in the philippines,five,four,3.027714967727661
by these criteria kinsey fares well.,means,criteria,6.448879241943359
"after years of neglect it was restored, beginning in the mid-1970s, and opened to the public in 1984.",',and,3.3469250202178955
"the inner courtyard, the nasal chowk, is one of the few that can be visited.",and,can,9.589035034179688
"we established the program because we were concerned about the changeover, wheeler said.",the,the,0.7510688900947571
sir james peel edgerton said you would be able to manage that for me.,go,edge,3.6487483978271484
"' there were even days when i would wake up and think, 'please god, let me die.",there,',7.482752799987793
so the reverse hypothesis could be just as valid.,is,as,2.5586366653442383
"sewage was thrown into the streets from upstairs windows, accompanied by shouts of  gardeyloo!  ",followed,accompanied,2.162395715713501
"at first this resulted in an independent kingdom of mallorca, under jaume ii, followed by sanc and jaume iii.",.,ii,13.682112693786621
you and tuppence have been sticking together like siamese twins.,put,sticking,8.250913619995117
you mean it's that at a like a stranger a total stranger,was,',1.9661818742752075
western spruce budworm in the carson national,-,the,5.969781398773193
we have the advantage tonight.,same,advantage,9.192623138427734
his next two shots landed in the chests of two riders carrying long bladed sticks.,with,bladed,12.158393859863281
um i have not kept up with uh the texas politics other than that dirty little uh governor fight,',have,8.356574058532715
"financial  examination of irs' fiscal year 1995 financial statements (gao/aimd-96-101, july 11, 1996)",##l,-,5.305850028991699
uh let me ask you something did you get a catalog or something from these people yet,.,from,6.386454105377197
we'll handle this.',.,we,6.193175315856934
"great billowing streaks of flame, snaking to heaven and coiling up the sky.",had,##owing,2.4688427448272705
tv is the most important medium for conveying history.,##ing,##ing,0.0810072124004364
"it is especially renowned as the last center of training for the city's most celebrated residents, the geisha.",today,residents,6.25799036026001
"israelis are delighted that people from everywhere visit their country, and welcome you with genuine warmth.",.,you,12.93915843963623
adrin said nothing and gabriel continued.,##ri,##rin,6.846292495727539
yeah i do that too,i,i,1.3401128053665161
trade publishers sold 5 percent fewer books than they did the year before.,of,fewer,8.442665100097656
oh yeah that yeah they they just run all over the place do not they,",",that,7.534245491027832
i could.,.,could,6.826226711273193
my beloved sox beat the indians.,the,the,1.4893240928649902
"i do, dave hanson.",i,i,0.22623039782047272
"after relying exclusively on overseas trade, venice created a new land-owning aristocracy through this expansion.",on,on,0.02555692009627819
he's a freakish peter pan--the juvenile delinquent who would not grow up.,it,he,2.954634189605713
but too often downsizing means what it has in the union pacific  fewer people doing more work.,author,downs,3.5834460258483887
"however, wtp is generally considered to be a more readily measurable and conservative measure of benefits.",.,however,12.961670875549316
"but if the chinese did try to buy favor with the democrats, it may have been because they already owned the republicans.",',it,5.72223424911499
the corrida always starts on time even if the clock occasionally has to be stopped.,had,be,7.478214263916016
"instead, intel makes real things.",.,makes,10.250962257385254
because mademoiselle cynthia does not take sugar in her coffee.,:,not,7.787449359893799
"it is wild and windswept, and its limited vegetation a far cry from the lush green interior.",',",",4.425384521484375
"before 1980, federal law prohibited interest to be generated on checking accounts maintained by federally insured banks.",revenue,interest,4.900205612182617
they can even sit next to the driver.,",",even,7.606596946716309
so you do not really feel like you're really working that hard do you when you're in the water,they,when,9.249363899230957
"jon, still looking through adrin's eyes, saw a wicked sharp blade burst through the kal's chest.",however,jon,10.702766418457031
"several recently refurbished rooms display over 1,700 objects found at the tomb of tutankhamun by howard ceter in 1922.",tu,tu,0.0004433602443896234
"it is 'up to them' ”as you say over here."" then, suddenly, he asked: ""are you a judge of finger-marks, my friend?""",is,over,6.520229339599609
"so-called houston! this one problem, denise, or maybe dennis, was repeating.",.,dennis,15.279542922973633
i hoped and prayed it would not occur to john also. ,-,would,4.129418849945068
okay i uh i have five children all together,two,five,4.007972717285156
but do not let that discourage you.,to,that,6.542358875274658
"but as mir floated in orbit, the soviet union fell apart.",she,mir,12.308859825134277
"thus, on close scrutiny, the zapruder film's ultimate revelation is that abraham zapruder was himself a conspirator.",called,was,2.8645007610321045
"anyway, there's no way to identify the owner or owners ""anse picked up the three musketeers .",can,to,2.7102622985839844
"4 million, which will be divvied up nationwide.",.,up,11.577938079833984
yeah because everybody else is growing,everyone,everybody,3.272174835205078
i've had a chance to i had a chance to terminate and uh l o a and back to l o a,',',0.44959962368011475
no i'm not in cape cod i'm uh oh about a you know five minute ride from rhode island,to,from,2.3469905853271484
"that you value your origins, that you cradle old stories and remember old morals.",his,old,7.094951629638672
then he has to fudge his faith so that people who do not share it will not take it seriously.,.,then,11.413119316101074
strike a match to see the effect.,-,to,4.721790790557861
"'exactly,' he nodded.",.,',5.211568832397461
"as an example of urgent pro bono need, dean glen cited the civil court of new york, the nation's busiest.",',urgent,12.18224048614502
"julius, said tuppence firmly, ""stop walking up and down.",up,up,1.3304567337036133
"gaaaaandhi, gone gone gone.",!,",",8.576441764831543
"for that, they'll need to sign certain contracts.'",',",",4.210221290588379
sometimes the people who represent themselves do not even know the significant facts of their case.,##s,who,8.468836784362793
using lower cut points for females may maximize screening test performance.,percentage,cut,8.586556434631348
ca'daan felt his heart jump.,.,jump,10.43991470336914
we have examples of these in the giant outer planets.,we,we,0.3245830833911896
okay uh are you in the market for a new car,what,okay,13.350407600402832
white nodded.,vs,nodded,10.113828659057617
um me i'm a firm believer in that if you got it spend it,he,you,2.454922676086426
"not all falsehoods, of course, are lies (the key ingredient in a lie is intentionality).",the,key,3.1579108238220215
they were pushing the pace all right.,door,pace,8.465444564819336
"i had a slew of comfortable rooms with cushions everywhere, and a fridge forever stocked with fatty foods.",of,of,0.001328777172602713
net personal savings,the,net,4.797321796417236
"1.7, formerly methodology transfer paper 7.",.,7,16.206186294555664
mangrove trees and shrubs grow on coastal marshland in the brackish zone between the sea and fresh water.,##s,grow,7.589211940765381
edinburgh zoo has a penguin parade every day during the summer.,and,day,3.320197105407715
"his problem, he said, is the current hiring freeze imposed on all city agencies.",by,on,3.542945384979248
but a closer analysis of the weather map suggests mother nature actually favors the democrats this year.,.,year,10.373165130615234
" elsewhere, great events were changing the shape of the world.",is,were,5.588271141052246
shenzhen was china's first special economic zone.,it,china,8.047231674194336
what missions or functions is the acquisition to support?,the,what,1.4027694463729858
he might have stowed them there in a hurry.,st,st,0.025197792798280716
oh the potato they were they're delicious but they you do not get seem to get that much for the space they they do,-,for,6.012655735015869
seven thousand troops under sir ralph abercromby landed east of san juan and blockaded the city.,ten,seven,4.230562210083008
the amount recorded by both entities is the transferring entity's book value of the asset.,paid,recorded,5.740471839904785
"alternatively, he could have used his address to the christian coalition last friday to criticize religious intolerance.",of,religious,5.261960029602051
the duddon valley and the rolling hillsides around the village of ulpha were much favored by wordsworth.,##s,##s,0.034325145184993744
but there are different kinds of fishing.,the,fishing,8.826863288879395
buy soon or you may miss the chance.,have,miss,6.557032108306885
"white looked up at me, quite slowly.",looked,looked,0.3440455198287964
"an experienced diver may prefer moving onto the sinai, where the diving is even better.",man,diver,4.949154853820801
"msnbc, usa today, and yahoo!",',yahoo,15.872298240661621
you know kids,are,know,3.971959114074707
part of its infrastructure to help managers run the entity and achieve their aims on an ongoing basis.,work,basis,6.886105537414551
who is stark? asked jon.,.,jon,21.847618103027344
"if you would like a more novel, self-drive way of exploring the desert, hire a quad runner.",',you,8.371156692504883
they celebrate the u.s. women's comparative innocence.,my,comparative,11.596349716186523
"there we found an open door, flapping in the breeze.",in,in,0.8310625553131104
that goddamned hamster dance.,goddamn,goddamn,1.9350632429122925
"at 1,467 m (4,813 ft) it dominates the lush and rugged south of basse terre.",landscape,lush,10.725707054138184
uh i work on my own i've got an nineteen eighty trans am that i've had uh since it was new,',',2.2328076362609863
"rock, folk, and  the royal dublin society in ballsbridge holds huge open-air concerts, including rock, folk, and jazz.",today,rock,10.105344772338867
"a legitimate businessman, hughes was nonetheless eccentric and dramatic, a style suited to the las vegas ethos.",.,and,12.779484748840332
"...roman, that you have an enormous amount of experience in the field of telecommunications.",amount,amount,0.4251807630062103
so but uh denny crum ran his mouth a little bit too much,##iss,##um,6.145352840423584
this is the most easily accessible of the new territories' walled villages.,.,of,14.164101600646973
one of his arms was a hook.,.,was,4.437771797180176
"no, i cannot say it did. ",',",",3.8902931213378906
no no they do not and you know they're just real shallow people,i,you,0.9938517808914185
yeah yeah well i have we have a uh recreation center which is almost right across the street from our uh office,',well,7.846803188323975
"this great civilization came to a sudden, catastrophic end around 1450 b.c.",this,great,8.101147651672363
"'he did this happen?' natalia asked, gesturing to a window.",said,asked,3.844280242919922
uh-huh so that might lead you to a biased uh decision perhaps if you were uh-huh,oh,decision,15.510772705078125
oh just to see just just to check on a lab,",",a,4.942020893096924
"i can only hope we can save them, thought jon.",find,save,3.3517379760742188
uh shoot i cannot even think of the name of it now,',name,9.376028060913086
and yet...they looked at me with awe.,',.,4.245255470275879
the aib delivers real-time information in the banner.,.,delivers,9.792807579040527
hm yeah i i enjoy volleyball i'm just not very good at it and i end up just,the,hm,17.890832901000977
well what of it?,the,it,5.738886833190918
"that first glimpse of the towering, steepled abbey rising from the sea on its rock is a moment you will not forget.",dead,sea,5.820456027984619
"there are two facts of significance.""",the,significance,10.610544204711914
cold mountain is advanced humbug.,the,advanced,11.352008819580078
"unfortunately, these are trappings that come with billion-dollar price tags attached.",these,these,0.9410789608955383
"respectfully yours,",enough,yours,4.1196699142456055
yeah i just wish it was a little more convenient convenient to do you know,-,to,3.1600117683410645
comments on classified or restricted reports should be transmitted in the manner agreed to by gao and the agency.,:,on,2.3607795238494873
"the best book in many years on washington media, says the weekly standard 's andrew ferguson.",the,best,7.1197829246521
"he and his schoolteacher wife, linda, probably did not know they were starting out on the poor side.",the,the,1.7486789226531982
"any sure thing attracts too many hackneyed ideas, like wolff's, and too much foolish money.",too,too,1.5042685270309448
shops are generally open from 9:30 a.m. to 7:00 p.m.,and,.,6.015824794769287
"advertisement, replied tuppence promptly.",.,##nce,4.7856268882751465
"and quite a different class from them two detectives from london, what goes prying about, and asking questions. ",trend,pry,7.898273468017578
other publications can be cavalier without worrying about squashing an author's budding career.,.,an,5.641239166259766
what about meals? inquired the practical tommy.,',?,6.368706703186035
only the squeamish will object to the giant toads and harmless little white cave-racer snakes.,##ami,##ami,0.018147971481084824
interest on treasury securities held by revolving funds.,notes,interest,9.600288391113281
"accordingly, we submit a total of cases closed for 1999 of 924,000.",ten,cases,12.05639934539795
the short man there--he's garm.,',-,12.589488983154297
we saw the murder in their eyes and the blood on their hands.,his,their,3.6907474994659424
yes it really is and that way we're not really missing anything out you know of those children uh-huh,was,really,10.43195629119873
no no i'm i'm new england massachusetts,think,m,8.250419616699219
we all knowed he was comin'.,com,com,1.8137500286102295
'you killed my friend.,my,my,1.5821491479873657
"behind the stage was the gladiators' barracks, where 63 skeletons were found.",glad,glad,0.00031287543242797256
and uh so that's that's one thing that's good,was,',5.909632682800293
i would not worry about my youngster.,.,##ster,8.250428199768066
two yeah yeah and then of course indianapolis which is only a hundred miles away from us has the colts yeah,same,colts,12.109935760498047
go to london quite a lot and see shows down there,.,london,5.7922821044921875
"the basement is a square kilometre in size, and that's the lab.",in,in,0.09757877886295319
"consequently, the motivational mechanism is not clear.",.,not,3.572307586669922
this usually does not take up as much room as the scr reactor itself.,to,not,9.402116775512695
suddenly julius came to such an abrupt halt that tommy cannoned into him.,at,into,2.051194667816162
"real jade is extremely expensive, and you may be offered counterfeit jade, which looks exactly like the genuine article.",something,exactly,5.3874664306640625
"well, i've always had a secret hankering to be a detective!",to,to,0.6266505718231201
he has not had a new thought for 20 years.,.,years,1.6513116359710693
do they are they yeah okay they're so they're still he's still doing it then huh oh i'll have to tune in,doing,doing,2.1086130142211914
its two cinemas present a varied program of new international and archival films.,the,its,6.9540300369262695
oh i see so if you have fresh dirt they'll,-,fresh,7.847231864929199
"be it enacted by the senate and house of representatives of the united states in congress assembled,",the,the,0.10383999347686768
"(actually, you could have as many judges as you wanted, as long as you ignored all but one of them.)",all,one,3.625657558441162
and what will a shot be will a shot be an ounce,to,will,4.897252559661865
i saw a path at the side of the road.,the,the,0.741761326789856
well they may yeah i think eventually but some men do not see some men just do not care,i,not,7.136125564575195
the liberal humanitarians (a k a red-tailed hawks),.,(,10.033936500549316
"an' th' stolen mex hosses, they's drove up here an' maybe sold to some of th' same fellas what lost th' others.",.,an,6.134783744812012
"here's half a crown for my share."" tommy was holding the paper thoughtfully.",it,here,5.300912380218506
you ever serve that yourself when you have company,##s,you,2.964064121246338
attorneys praise zelon for her thorough understanding of the law.,thank,praise,3.6561648845672607
but then i realize how superficial that attitude is.,much,superficial,11.65797233581543
"probably no one will even notice you at all.""",least,all,5.920422554016113
"which brings us to the third side of rockefeller's personality and the main theme of the book, that of empire-building.",.,of,8.19665813446045
i only wanted to tell you something.,show,tell,1.317563533782959
unionization is a bad idea that will only make things worse.,the,bad,5.030896186828613
defending the decision to deny benefits will deliver the government's message in the litigation.,the,defending,16.71434783935547
"at its southern end you'll find the old cataract hotel, harking back to the days of edwardian elegance.",ha,ha,0.04113639146089554
oh yeah before they started all this stuff,were,started,3.1483631134033203
during the comment period aphis also held four public hearings at which both oral and written comments were received.,also,also,0.7676079273223877
its spacious grounds are a magnificent example of the strolling gardens favored during the edo period.,an,a,1.9888250827789307
and so um yeah uh yeah i guess i usually do i like to cook um heavy sauces and um,many,um,14.782266616821289
that could be it  could be it,',it,8.551416397094727
leather goods.,##s,goods,5.1850481033325195
"city residential, business all businessb and mixed rural park &amp; total all foot curb loop total",',all,7.973553657531738
lsc's state planning initiative is premised on the belief that lsc-funded programs ,in,state,7.902997970581055
oh that's a nightmare,that,oh,12.746623992919922
"then, by heaven, snarled the russian, ""we will see  "" but mrs. vandemeyer also rose to her feet, her eyes flashing.",.,flashing,15.633994102478027
now we accept our standing and limitations.,.,and,13.93213939666748
and i'm sitting there thinking to myself uh-huh sure,',huh,10.243707656860352
"it sure is, drawled tuppence, ""especially when old man rysdale backs the bill.",pick,draw,7.677226543426514
"on the other hand, mrs. inglethorp had no candlestick in the room, only a readinglamp.""",burning,##tick,7.263570308685303
the kal pushed ca'daan aside with one powerful hand.,*,the,5.108866214752197
i do not know i think they'll go i think they'll they're good but they're not great but i think they'll,',',1.43546724319458
"of course, we might do something about it, if you really converted.",could,converted,11.303566932678223
you have to have a lawyer to show them you mean business.,the,have,6.998031139373779
research and development annual stewardship information for the fiscal year ended september,seaman,steward,1.22804856300354
"'daniel!' i hissed, slamming the door shut behind me.",behind,behind,0.5272241830825806
all of the men continued to watch him as if his actions were highly significant.,',if,3.475724935531616
campbell's body was never recovered.,.,',1.0247893333435059
"along these same lines, i was recently in a retail store and the clerk had on a summer dress.",insisted,had,5.837252140045166
why not? the girl hesitated.,man,girl,3.771113634109497
"for years, federal agencies have struggled with delivering promised system capabilities on time and within budget.",experimented,struggled,1.5194004774093628
what do you mean?,think,mean,2.336946964263916
"as i write, the house is alive with flowers and foliage, and it is starting to snow again.",in,as,6.617412567138672
equally stunning views of funchal and surroundings can be enjoyed at pico dos barcelos.,fun,fun,0.10784634947776794
make sure that they did not have to do it again  make hot dogs or some potato chips or,call,it,5.198068618774414
totals may not sum due to rounding.,to,to,0.03295670822262764
and it it was tough understanding understanding those folks,an,tough,12.363059043884277
and no one will be nicer.,will,will,1.5708792209625244
jon placed a hand on san'doro's shoulder and stood.,was,placed,8.116189956665039
pro se assistance empowers people to help themselves and makes our court system work better.,.,themselves,14.418700218200684
yeah well let's see our our topic is uh elections,:,is,3.6974217891693115
cruises around lake annecy start from the thiou river.,-,lake,5.992830276489258
"second, several special rate arrangements would be discontinued.",.,second,11.36916446685791
"a good sword, high ground, or exceptional skill may push the odds but never by much.",the,high,7.1750874519348145
mais me voila. the door shut.,vo,vo,0.11077168583869934
"his manner was unfortunate, i observed thoughtfully. ",.,thoughtfully,13.328116416931152
there was no reason for him to claim the kinship.,the,claim,4.236994743347168
"when agencies lose major accounts, they often fire nearly everyone involved with the account.",',they,7.036619186401367
this is so great because i have not been getting any of this lately.,was,is,1.1056804656982422
'it's nice to see you all.',it,',7.5567803382873535
"after successfully completing the performance evaluation period, the employee then begins earning a full salary.",began,begins,4.2196550369262695
"seeing himself unattractively represented in hundreds of editorial cartoons as a leathery-faced half-man, half-elephant.",-,-,0.1889622062444687
they were locking the place down.,the,the,1.1615780591964722
ca'daan looked over the camp in shock.,gr,',6.943945407867432
with just one exception.,one,one,0.08408281207084656
he had elaborated a careful plan for the following evening.,.,he,1.9996612071990967
"guides to the institut like to point out the east pavilion, site of the old 14th-century tour de nesle.",according,guides,10.694341659545898
"of course, a no-pardon promise would be meaningless; clinton could simply break it on his last day of office.",the,his,4.664212703704834
i wonder how long that last,a,how,3.128894329071045
i see oh my,you,i,1.271031141281128
"today an economy of truth sometimes just means a lie, albeit one whose seriousness may be debatable.",no,albeit,9.44184684753418
"the other half is where the gamblers come from, how they arrive here, and how they are served once they arrive.",half,half,2.292387008666992
"i just sort of needed it.""",he,i,1.2627719640731812
harsh weather,bad,harsh,6.832836151123047
"he surmised, therefore, that reduction in recidivism might be a suitable outcome for emergency physicians.",he,he,0.9717015027999878
i began to find myself in the same circle that i was in before.,the,same,10.403672218322754
"in some cases, modern buildings were erected in their place that are not admired today.",took,their,5.988767147064209
"though less sinister than his war club, two hits on adrin proved that it served the job well.",.,on,3.287844181060791
"for several years he held court in valladolid, though eventually he returned to madrid.",to,",",4.107483863830566
(nbc promotes the show here.),city,show,5.682969093322754
hellenistic and roman periods,roman,hellenistic,7.3552045822143555
there was that lieutenant with the supply wagons.,came,lieutenant,12.262064933776855
this is more than just a job.,little,job,7.58870792388916
"they are connected by rim of the world drive, a scenic highway reaching elevations of 8,000 ft (2,440 m).",at,reaching,6.136158466339111
"two wide bays offer natural harbors, and tiny navy island sits just offshore.",the,wide,9.740460395812988
so what do we do? asked the kal.,',do,4.605668067932129
"in a way, the one-world battle is over.",this,a,2.4189860820770264
"yes and perhaps it does not, snarled whittington.",',perhaps,8.57738208770752
that sounds like it might be a really good idea,an,a,3.047621250152588
yeah the uh this this guy did too he ended up going to leavenworth which is good i'm glad,life,which,6.007367134094238
studly guys work at the pentagon.,##ded,##ly,3.667501926422119
and there's the history of yoakum county texas there,yo,yo,0.30528753995895386
okay i'll let you go ahead,',let,7.944552898406982
a) spun the president's denial for months without bothering to check if it was true.,##giving,months,6.74018669128418
"the cruise ships crank up their flood lights, and the parties begin.",',and,3.7574901580810547
and those are just the towns along lake como.,these,those,3.153813362121582
unless you're eating like a baked potato or something,',',0.8525089621543884
"on wednesday, april 30, police in pecos, 80 miles from ft.",pe,pe,0.19997638463974
i cannot think of her name i got it right on the tip of my tongue and cannot say it helen something,with,i,9.459548950195312
maybe kubrick would have made nothing but masterpieces if he'd put big greek or venetian masks on all his actors.,',would,5.78544807434082
work and our congressionally driven examinations of how well agencies are pursuing,much,well,6.586304187774658
jon could not imagine what they had faced in their own tunnel.,',what,10.493185043334961
"today, the action is in the food markets and boutiques on the grand canal's west bank.",',s,6.227961540222168
boilermaker labor per year.,cent,year,9.990799903869629
today it houses a small museum?­.,is,houses,11.009876251220703
you know if somebody's hungry,is,',7.710803985595703
and (as tom wonders in the book's opening line) are we all characters in one of god's dreams?,',dreams,14.180706977844238
i mean they are but i do not label it as such,',are,2.7808408737182617
and i do not know what the solution is,.,and,6.49910306930542
was this uh done not by ti people was it,inspired,not,8.450485229492188
yeah yeah well we did not have much we had some good ice but not a lot thank goodness not,',we,7.838845252990723
an idiosyncrasy of genius.,##cr,##cr,0.0023652929812669754
master charge,double,master,9.95606517791748
clinton brought it to the galley to show the flight attendants.,for,the,2.5580544471740723
but a lot of women are knowledge as knowledge about football as i am,##able,as,8.938774108886719
yeah ooh i wish i could do that,see,do,3.4424750804901123
"tim, we never should have got into this quagmire, but now we have no choice but to ...",on,we,8.118749618530273
and i had the book and i had not read it in so long so i read it the other day to see if i could so i can watch the movie,like,read,7.061526298522949
"sunraider yearns to know who his mother is, and hickman wants to know how bliss became sunraider.",##ser,##der,3.3758857250213623
the chicago museum of contemporary art just hired its new head away from disney.,of,of,0.0036910518538206816
the shore comprises a quayside and several cobbled lanes with restaurants where you can have a pleasant lunch.,',a,4.421300888061523
i'm in rochester new york everybody else but one has been in texas,i,i,0.0018135543214157224
that's why they'll make sure to stop him.,:,ll,7.946926593780518
"advertisers frequently urge us to rebel, and they frequently urge us to conform.",to,frequently,7.262688636779785
'i do hope you will come around to seeing things my way.',that,my,5.736980438232422
you know the company insurance and and,i,you,0.95195472240448
have to go replace them with uh something a little hardier,cl,uh,9.930171012878418
but these are the trivia of what he left me and my sister.,-,my,1.7882068157196045
"the men promise money to the brides' families, then often treat the wives as sex slaves, or worse.",give,promise,7.699028491973877
"the car was waiting, and i drove back.",.,back,4.5362958908081055
you know it's it's pretty nice and friendly out there and you cannot find that in all sports,',cannot,10.01560115814209
i mean cucumbers here grow like crazy,i,i,0.04576808586716652
for the machine yeah,the,the,1.2259342670440674
it's now a quiet residential refuge popular with artists and tourists seeking to escape the mobs.,the,escape,3.9428412914276123
we strongly disagree with the vice president's objections to our audit and access authority.,and,s,6.794600486755371
only one son had survived to tell of the disaster.,stories,to,3.3032710552215576
"everywhere silence, and shuttered windows.",shutter,shutter,1.2749519348144531
but anyway well um i cannot think of a whole lot more to say,',lot,12.763016700744629
um so do you have a personal computer,to,do,4.656120777130127
what'd they do for that did they have to cast it and,what,what,0.5587673187255859
um yeah but you need to continue to read so you you can people learn to read you know,no,you,1.9689068794250488
"other distinctions are possible, such as bulk and nonbulk, but the speed distinction would seem to dominate.",##tton,##lk,6.048416614532471
youth is a failing only too easily outgrown.,##gr,##gr,0.0011148196645081043
"the fire burns, and it destroys. ",escapes,burns,3.6650640964508057
write-off -an action to remove an amount from an entity's assets or financial resources.,the,an,3.37699294090271
so let's see what well what kind of music do you not like,kind,kind,0.18026232719421387
"they--hey, what's that?""  he was looking up, and hanson followed his gaze.",?,',5.235298156738281
"or does cold iron ruin your conjuring here?  sather karf snorted in obvious disgust, but bork only grinned.",wo,ka,8.473878860473633
5 million americans living in households with an income below the poverty level.,live,living,3.1797900199890137
"the pacific war actually began 70 minutes before the attack on pearl harbor, on malaysia's east coast, near kota bharu.",the,east,3.6470510959625244
"the king himself died here in 1598, to be buried in a family tomb beneath the high altar of the basilica.",a,family,7.223670959472656
"about 2,500 victims of the revolutionary guillotine spent their last hours in the conciergerie.",as,in,2.0338950157165527
"brittany's countryside is wilder and less civilized, with a jagged coastline to match.",is,is,1.7673426866531372
"77 ""the price, at any rate, would have to be enormous,"" she said lightly.",',",",4.515607833862305
that that's right oh that's a big thrill for them,was,',5.660091400146484
"carryin' a blood foal, i'm thinkin'.",keep,m,4.956119537353516
"take the mid-levels escalator to hollywood road, known for its antiques and curio shopping.",.,shopping,18.48410415649414
"just west of the fort is the former royal palace of ras el-tin, built for mohammed ali in 1834.",in,in,0.038944508880376816
no one need sit up. ,clean,sit,7.457538604736328
we were alone in a corridor.,the,a,2.7104110717773438
"jesse helms opposes granting china permanent mfn status, calling it a reward for bad behavior.",reward,reward,2.325031280517578
the authorities believe that the bounty hunters used their profession as a cover for armed robbery.,of,their,5.5975871086120605
of the road.,world,road,6.201043128967285
some were museum pieces.,there,some,5.523366451263428
and uh we have a lot of bad stuff it just really  gets me depressed even to watch it,',it,5.38217830657959
anything else? ,else,else,2.0918571949005127
"on the other hand, horses of the same combination were the pride of several other families living around lexington.",.,of,7.353769302368164
and this month's votes are but a skirmish in the crusades.,.,##s,3.3189303874969482
"saint-malo remains an important fishing port, ferry terminal, and yacht harbor.",the,yacht,9.310956954956055
"gods, said san'doro.",he,",",6.016613960266113
"others, he said, lost possessions to looters after the march 23 blaze, which left 78 people temporarily homeless.",.,",",5.075181007385254
and well i think the now it's all coming back to me what was the one not the deep but the abyss,i,i,0.21487121284008026
receive information.,contact,receive,10.213949203491211
um-hum i usually just i'm trying to think of i guess i would tend myself to be more towards the the like three,.,to,3.627741813659668
barry agreed that difficult cases do take most of the time and resources currently spent on alcohol problems in the ed.,city,time,4.7332563400268555
now they argue that the single entity suppresses salaries and violates antitrust laws.,they,they,0.35542264580726624
does he have those as well,a,those,7.246857643127441
va announced its first carey award in 1992.,he,va,11.220271110534668
the second pedophilia scare has served a more pragmatic  legislative blackmail.,',a,5.734269618988037
okay well i live in carrollton,',well,10.871156692504883
you said he went north.,was,went,1.848752737045288
"desperately clambering toward the top of the train, i came close to a window.",",",a,5.637169361114502
the portion of this actuarial present value allocated to a valuation year is called the normal cost.,##ua,##ua,0.002054724609479308
but he's the star of that uh team their pitching staff and when he sits out they fizzle,.,of,8.212760925292969
the first prong would represent basic reporting applicable to all public companies.,.,companies,7.901111602783203
suddenly tuppence sprang up with a cry.,",",a,2.17490291595459
"adrin ducked underneath, spun, and the two men grappled again.",two,two,1.4709651470184326
yeah good and low,no,yeah,9.13737964630127
but he had had his orders: no contact with the three travelers unless there was fear of attack.,of,of,0.5973198413848877
6 million from funding for court-appointed lawyers to the legal aid society.,##ent,the,2.7087502479553223
a red flag means that swimming is dangerous and a black flag means that no swimming is allowed.,the,red,4.624413967132568
the waters of the algarve provide some of the best big-game fishing in europe.,al,al,6.270212179515511e-05
the greater use of broadbanding is one of the options that deserves to be discussed.,are,deserves,11.305116653442383
anything goes when mom's on the phone,is,',2.162087917327881
5 concentrations and deposition are reported as a percent reduction.,described,reported,5.018270015716553
gauve laughed and celeste blushed.,smiled,laughed,4.430076599121094
recruitment and retention of diverse leadership/governance,of,diverse,10.14600944519043
and their children are now living there okay,.,and,9.697831153869629
we have to prepare for people to go to the mines.,',people,7.7525715827941895
a tall man in an even taller hat.,.,in,5.328652381896973
"so, buy your mom something nice, eventually, when you get around to it.",to,so,4.027088642120361
the result is fascinating without being exactly moving.,is,exactly,12.093100547790527
well i did not get uh into football until about danny dan marino's first year,into,into,1.2455029487609863
the door was the same but i felt something in the air.,it,something,3.7372684478759766
well what what what brand i mean what model would you look,the,what,8.61396312713623
thank you for your time and attention to this important matter.,this,your,6.914486885070801
uh no we do not,',no,3.338958740234375
starr's critics think these excesses and failures make him a bad man.,',him,5.624547958374023
"when the evidence is more inconsistent than consistent, the pattern is rejected.",latter,evidence,6.053644180297852
"built in 1965 by laurance rockefeller, this was the first great resort to be carved out of the lava on the kohala coast.",and,first,13.695549964904785
"in the opinion of many, cuba is an isolated socialist dinosaur.",not,",",5.155953884124756
oh yeah the economy uh what i was thinking about is an economical issue concerning it uh,',i,8.562047958374023
"all known targets, except pelosi, did vote for mfn and had been strong mfn supporters all along.",the,did,6.882667064666748
it is impossible to draw a bright line between ultimate fighting and boxing.,is,ultimate,12.50858211517334
got more uh civilized and uh give them lethal injection so we definitely do have uh capital punishment,got,give,5.785403728485107
the estrangement of too many parents from john mccain's life.,',life,9.448503494262695
no no i have not uh i had not tried in fact we were we were planting flowers this weekend so uh i was pretty tied up,on,i,9.549125671386719
c) betrayed by linda tripp.,:,linda,8.44466781616211
'the bastard sounds like you.',like,like,0.002164641860872507
how did it hope to compete with the great coastal settlements in other parts of the new world?,york,world,3.5751307010650635
uh-huh where about,talking,where,8.454413414001465
and there's a big difference,the,big,8.013373374938965
and my wife is from plains if you know where plains is,the,where,2.8743038177490234
what do you think of that? 38 i scrutinized the fragment. ,think,think,0.7176743745803833
uh for fully automatic weapons and uh all right now for instance in california where they passed the uh,',all,8.727519989013672
i spent uh i spent a year up in colorado springs at ti up in colorado springs,least,ti,7.796758651733398
black leather three-corner hats shaded their eyes.,faces,eyes,1.914955496788025
um drug testing does not bother me,the,um,13.488378524780273
"slim said, ""i did not.",.,",",5.391316890716553
yeah all we can do is keep plugging,.,do,7.178693771362305
now i also uh even though i retired from education i uh i do modeling and i teach at a modeling agency here,:,i,5.688038349151611
how convincing i'd been; for a brief time i'd even conned myself.,without,how,4.9510416984558105
i want you to spark their minds.,of,their,3.3140339851379395
yeah yeah myself about the only thing i really recycle around here is aluminum cans,the,the,0.34584519267082214
tuppence is my girl! ,mother,girl,7.95836877822876
it thus provides an all-too-rare glimpse of provincial life in prewar japan.,about,provincial,12.854830741882324
this was-and remains-an enormous challenge.,-,remains,11.418963432312012
one factor is the integrity and ethical values maintained and demonstrated by management and staff.,.,and,13.818831443786621
there's something about [corgan's] whole grandiosity that is very four years ago.,.,ago,9.856205940246582
"many estimable people are devoting themselves to ridding our popular culture of obscenity, sex, and violence.",deco,rid,4.866987228393555
this is a club for russian golf.,model,club,6.587919235229492
and then i have a a mac that i use for graphics and,.,a,6.365744590759277
he's not a moron.',.,not,6.046938419342041
"and in a minute or two, poirot continued: ""let us look at the matter like this. ",a,a,1.5546680688858032
oh he wanted to take the current secondary highway system and,',wanted,4.726161003112793
"this may be raps4, which is designed for the ed, but it needs further direct testing.",.,testing,16.63925552368164
"the project's purpose is to obtain and publicize information on model practices, programs, and systems.",.,",",8.453339576721191
perhaps some of their methods would not work on the range.,the,on,3.005488395690918
the plan has been touted in the new york times magazine.,the,the,0.5144504308700562
"his body was rigid as it lifted a foot, ten feet, then a hundred above the ground.",a,then,10.27254581451416
(click here for the museum's site and here for weegee samples.),.,samples,17.345596313476562
"well, my friend, i saw there was just one chance. ",.,well,11.508648872375488
was not the old cat in a rage when she found out? ,man,cat,8.282873153686523
 eating well is a passion with the spanish.,.,with,9.628423690795898
the other one you need to go see is sleeping with the enemy,",",to,3.2296693325042725
uh-huh do you work out on like is it the weight machines or aerobics or what is it,',huh,10.018800735473633
south audley mansions was an imposing-looking block of flats just off park lane.,.,lane,7.955735206604004
yeah well our our limit is you know fairly low,you,you,0.7729277610778809
that's real nice,it,that,2.589421033859253
i like to listen to some of that music,",",to,3.497880697250366
"benedykt ossolinsky, age 39, began to grow childish.",",",began,12.195967674255371
"nora's jittery, skittery behavior is charming in a way.",##y,##y,0.06998780369758606
"in 1994, gao projected the cost at $2.",to,at,1.3430588245391846
"but there is one place where will's journalism does seem to matter, where he does toss  baseball.",',where,14.09425163269043
that's major dad at eight i think it is,i,i,0.6731045842170715
that's that's what a bombay looks like,',',0.7019277215003967
the last year i think,i,i,0.9463525414466858
"i have been in kentucky, kirby.",had,have,4.318229675292969
"first, the parc de la villette offers a range of activities, and second, it puts the accent firmly on participation.",',parc,13.855188369750977
plans are in place to turn the house into a museum charting the life and works of this extraordinary man.,world,house,5.019017219543457
jon ran his rapier through the horse's flank and into the man's groin.,and,groin,16.761362075805664
"today it's a delightful resort of both modest and elegant hotels and villas, all stunningly situated.",-,a,4.742805004119873
the damned thing works.,the,the,0.33246737718582153
if you if you read the book it's uh even better the book was excellent,he,you,4.147949695587158
(the brooklyn academy of music plugs the play at its site.),the,at,5.465119361877441
"instead, the payment constitutes a general fund subsidy of the smi trust fund.",',a,6.275513172149658
"so, do we vote for virtuosity in imitation or virtuosity in itself?",##si,##sity,4.96466064453125
"if altavista's list of search refinements was generated by a human, for instance, it might be more helpful.",these,search,12.122303009033203
oh well well you you'll get it over with here,"""",oh,3.018507957458496
the modes of any period can easily be made to look stupid.,-,period,9.17852783203125
the explorer struggled to keep his self-control.,to,to,0.737733781337738
it's um it's it's amazingly less expensive than it is,.,expensive,7.340027332305908
politicians call it constituent service.,customer,constituent,9.496389389038086
he says this will make our system the best.,',this,6.0819830894470215
"the participating lawyers say ginsburg, a diehard red sox fan known for his trademark bow ties, is tough to turn down.",##ny,##sburg,2.0061070919036865
news says the death of jfk jr. seemed almost ordained.,.,says,11.582576751708984
it's really refreshing so,was,s,8.622546195983887
was it possible that she had come to his help? ,',she,10.769327163696289
the complex now serves as a guesthouse for visiting creative artists.,for,for,0.8205744624137878
the finely arched front doors are often at the top of a sturdy staircase over the street-level cellar.,the,finely,11.026017189025879
yeah there's a few of those here too,them,those,3.5176711082458496
horrible crime.,.,crime,7.882167816162109
the port was passing from hand to hand.,word,port,9.244060516357422
"jon stood, taking a last look at susan, and left.",',and,2.7039175033569336
"in california, the client's rights to representation would be lost in certain administrative proceedings.",found,lost,5.556654453277588
"once darkness falls, the water in the bay is filled with luminescent micro-organisms that glow when agitated.",the,the,1.5012288093566895
at the end he heaved a long sigh.,a,long,7.847287654876709
a few long fairway shots away from josephine's birthplace at la pagerie is martinique's 18-hole public golf course.,a,public,8.135995864868164
"however, not all critical processes will be new or unique to a specific weapon system.",.,however,11.49302864074707
"there are three other resorts along the strip, used almost exclusively by israeli citizens.",.,along,8.228878021240234
"nonetheless, becoming more efficient is not enough to remain competitive.",.,nonetheless,16.219459533691406
"dining room, bar.",room,room,0.7424447536468506
"tradition says that a woman wiped the sweaty, bloody face of jesus here and an imprint was left on the cloth.",',and,3.765302896499634
right knowledge at the right time.,the,right,10.036974906921387
that should really stir things up.,to,really,9.666119575500488
"well before the fall of communism, congress passed comprehensive sanctions against the apartheid regime in south africa.",south,south,0.9514199495315552
a piece suggests that americans are not seduced by republican offers of a generous federal tax cut.,.,of,1.2316267490386963
most eds provide very limited alcohol services.,the,most,4.666447162628174
yeah those are few and far between though,they,those,2.9227023124694824
"in such cases, the reason for not including the agency comments will be stated in the report.",.,including,4.369895935058594
"'and no, i'm not going to kill you. possibly.'",',no,7.276307106018066
an additional reporting standard for financial audits conducted in accordance with gagas ,the,an,4.234402656555176
"even if you're a linguistic dud, try to learn a handful of italian words or expressions.",of,of,0.0077395569533109665
especially around bonus time,in,bonus,10.227095603942871
jon caught adrin's rapier tip in the points of the falcon wings of his rapier's guard.,',s,8.840107917785645
why open a gas station if nobody has a car?),to,why,7.2689642906188965
i heard a thump.,i,i,0.7829055786132812
a curious competition is held in wasdale each november.,held,held,0.25172460079193115
the mandrake overseer had started ponderously toward him.,##rs,##r,0.7259327173233032
last week's  whew!,.,',3.6350855827331543
"in 1999, an additional 100 paintings were added to the collection.",',additional,9.833565711975098
good idea,an,good,3.146926164627075
i could only hope that we had enough time to clear the blast radius.,had,had,0.46731746196746826
north she would be captured by the eye.,killed,captured,5.877377510070801
yeah and that's that's funny you're in human resources and i'm in uh health and safety,##qui,uh,11.20007038116455
"in january of each year, lsc distributes a case review form.",year,year,1.2151427268981934
which provided the additional funding.,.,provided,9.167545318603516
a ten-minute walk east on belford road brings you to two important art galleries.,.,road,5.495168685913086
the carriage creaked and groaned in protest; the whole thing wavering with stress.,",",creaked,3.186336040496826
"and what about floods in north dakota and iowa or fires in oakland, calif., and daytona beach, fla.?",',.,2.6435017585754395
"listen, mister kirby, iffen you rode with th' rebs, you better keep your lip buttoned up when th' blue bellies hit town.",button,button,0.7637829184532166
yeah i think that'll be fun so we're going to try to do that like on a three day weekend go there and,to,to,0.15043319761753082
he fought his fastest but nothing got through.,they,he,1.4799538850784302
they immediately began work on the formidable fortifications for which the city is still famous.,dec,still,9.605955123901367
"company being wound up, they say.",.,company,12.052128791809082
yes yeah maybe we do not want those people voting,',maybe,9.918310165405273
centrelink is a one-stop shop that pays a variety of australian government benefits.,of,of,0.0024883756414055824
right they have a hundred dollars to spend in december i know what you mean,##s,what,6.505623817443848
um i'm north of pittsburgh so,am,m,4.642437934875488
"as a share of gdp, federal taxes have been roughly stable under clinton.",the,clinton,16.728967666625977
"posters, portraits, easel-sketches.",however,posters,7.892607688903809
the economy could be still better.,the,the,0.5093468427658081
the value of compounding-how money saved can grow over time.,had,money,8.112417221069336
there are a lot of people that are not guilty that's in jail,were,are,1.1355504989624023
the design for the new building was the subject of a competition won by spanish architect and designer enric miralles.,the,the,0.009885167703032494
injury as a motivator to reduce drinking.,helps,to,1.6132813692092896
the others looked to jon.,others,others,3.1582627296447754
the crowd murmured and whispered when they caught sight of the jewels in the sword's twisted hand-guard.,crowd,crowd,0.8712654709815979
yeah something to do extracurricular activity,##cu,##cu,0.010985725559294224
its interior chamber was found to contain a red granite sarcophagus.,may,to,4.573646068572998
"critical infrastructure  significant homeland security challenges need to be addressed (gao-02-918t, july 9, 2002).",-,significant,13.228313446044922
consider the united states postal service.,united,united,0.0051068575121462345
of the original data and analyses and problems in verifying their quality (hoaglin et al.,-,et,3.937692165374756
", data for  information strategies for",these,information,7.182857513427734
"i wonder whether, after all, you know as much as we think? he said softly.",no,i,1.0525743961334229
"generally, lc mail is lighter than ao mail.",better,lighter,4.6460795402526855
the room was as she had left it.,',as,7.400306224822998
right and you know there's not going to be those adding mistakes that we all make,',there,7.963212013244629
"the naacp's fort worth justice project will get $49,000.",',000,7.182332992553711
pete stark is leading a crusade to stop the practice.,football,the,5.1498188972473145
no one has even been seriously injured at the ufc.,no,no,0.65194171667099
okay well i enjoyed talking to you,talking,talking,0.4374420940876007
okay all right hey bye-bye,!,bye,5.880897045135498
these initiatives include working with providers to ensure that medical records support billed services.,.,services,9.940540313720703
"and, while this sounds like a cliche, it's undoubtedly  parcells makes his players believe they can win, so they do.",',",",4.391217231750488
"it is the largest marketplace in the near east, and it's been so for almost one thousand years.",',and,3.044956922531128
easier just to go out and buy it already made,:,to,3.3534281253814697
but it does not they do not really say that you know you're you're always going to have great career conditions,',not,8.361865043640137
respond in kind and you'll soon feel at home.,',',1.2992314100265503
the work that we do is the purest form of expression of the core values of all of the major faith traditions.,only,work,5.125147819519043
the liberal humanitarians are a product of the post-cold war peace.,the,a,1.210770606994629
examples of control activities,:,of,1.915637493133545
"otherwise, i'll think of something else.""  dave followed the man out into the clearing.",',",",4.214047908782959
new goya rooms in the prado were opened in march 1999.,go,go,0.41865456104278564
having hurt my wrist.,a,hurt,7.495284080505371
"it's his job.""  ",is,s,5.308987140655518
"in other respects, too, they evince a prickly xenophobic nationalism.",other,other,1.0321036577224731
the english slunk away without the loot.,##osh,##unk,5.141230583190918
and they'll just go out and do anything they can to do it,for,do,2.1790778636932373
"last-in, first-out (lifo) - a cost flow assumption; the last goods purchased are assumed to be the first goods sold.",came,-,2.786513566970825
"unlike the students of columbia or the sorbonne, they persevered, and they won--something.",the,unlike,9.242691040039062
oh oh was not that nice of him,to,of,1.8454420566558838
"its costs included $15,600 in broker commissions and a $9,234 prepayment penalty to terminate the new century loan.",and,the,8.638216018676758
"shortly after taking office, he entertained frank zappa on a state visit.",##ppa,##ppa,0.9160151481628418
"sit down, dave hanson.",and,",",2.1083505153656006
dod's policy lacks the criteria to measure design stability and process controls.,it,dod,10.339592933654785
well she comes from a a country where the model,',a,4.938584804534912
"in recent months, chinese corporations have taken stakes in hong kong telecom, dragon air, and china light &amp; power.",',",",4.445425033569336
i blinked back blindness.,got,blinked,3.683333396911621
well i have i'm really torn on the subject i'm not a good candidate for this one i see what you see and i agree with you,',what,10.800905227661133
a lot of extra cars were parked around the town- cameras and notebooks were in evidence.,also,in,4.334996223449707
but uh the miniskirt many times will evoke comments you do not really want,ev,ev,0.02122638002038002
oh that's quite reasonable,it,oh,12.596485137939453
drew sat watching the dust arise again as the trio of riders pounded away.,speak,riders,11.659204483032227
uh-huh a perceived decline anyway yeah,',a,9.026312828063965
"they ate in silence, enjoying the cool shade of the bluff.",the,cool,11.931600570678711
"the tours are rushed, and the route may vary due to restoration work.",.,",",8.77550220489502
the esthonia glassware co.,ant,est,8.986311912536621
"above all, they excelled in the visual arts.",in,in,0.5080172419548035
well i'll check that out uh-huh,say,check,7.154483795166016
we've been threatened with it in plain and unmistakable terms.,.,',5.4664177894592285
"spring and summer make better visits, when you can admire the irises and flowering shrubs of the inner gardens.",cypress,iris,2.4948315620422363
do not you realize that these are mostly private institutions!,i,you,2.4126901626586914
christmas time is especially popular here when pilgrims come to admire relics of the holy crib from beth?­lehem.,the,holy,9.969183921813965
"there is something artificial even about this heart of mine, he wrote in 1886.",-,of,2.364859104156494
"where everybody sneezes once or twice, i always sneeze at least five or six times--sometimes more.",once,sometimes,7.74650239944458
victorious couch potatoes,sweet,victorious,12.143733024597168
we may get some more tonight,play,get,4.912357330322266
"it is, however, best to reserve your accommodation in forest rest-houses in advance of your journey.",in,in,0.0012688927818089724
from global gold standard to gone in less than two years!,',less,9.135028839111328
um well like i said my fiancee,had,i,6.242833137512207
he looked down at himself in disgust.,to,at,0.758773684501648
"in palermo, churches and mosques stood side-by-side, feudal castles next to oriental palaces and their exotic gardens.",on,",",4.900660514831543
"america needs a clean, secure, affordable, reliable energy supply in the years ahead.",.,ahead,10.924334526062012
"different metrics may be useful for an audit, depending on the objectives and status of an acquisition.",##s,##s,0.025235919281840324
both volumes serve as authoritative references to the standards and interpretations.,and,interpretations,20.964956283569336
but her chances for finding a replacement gig dwindle with every lost job and every looming birthday.,his,looming,14.704424858093262
things could go poorly in these caves.,the,in,3.1517751216888428
"as she had thought it stood a little ajar, and the voices within were plainly audible.",still,it,4.147235870361328
"he was hardly more than five feet, four inches, but carried himself with great dignity. ",hundred,inches,5.138871192932129
fiss' analysis of the mapplethorpe case offers a good example of the perils of his interventionist approach.,##ist,##ist,0.4842659533023834
he retaliated by filing one against her.,by,by,0.03735089674592018
did not have anythin' to go back to there.,##s,##n,1.9010881185531616
a town of peace far from those who hunt for you.,the,a,3.369540214538574
the majestic double staircase inside inspired charles garnier for his design of the paris opera house.,this,inside,11.86406135559082
"i dare not, monsieur; i am afraid of them. she turned away.",one,afraid,2.6931850910186768
composer giuseppe verdi was the risorgimento's towering artist.,.,towering,13.631285667419434
apparently then this must be another of their frenzied efforts to find a way to put back the sky.,:,to,1.5057075023651123
the magazines split over kathleen willey.,group,magazines,10.367544174194336
i ”i believe so.,i,i,0.5723797678947449
"turin was little more than a fortified village of 40,000 inhabitants in 1600, but it rose to 93,000 a century later.",in,in,1.725172519683838
uh copperheads mostly,##uru,copper,4.827768325805664
i realized a lot of things as we traveled.,could,traveled,7.860153675079346
well i did not know that that's supposed to be a real good statistic uh,world,good,6.270752429962158
it's afterward that the trouble starts.,it,it,0.5691428780555725
quite creative and appealing to the younger crowd,the,the,0.3290434181690216
"common sense took over, and drew's hand dropped from the gun butt.",.,butt,9.966819763183594
further details are provided in appendix 5.2.,.,.,0.13780009746551514
"well said, dave hanson.",.,",",8.547667503356934
text box 2.1 compares gdp to another measure of economic output-gross national product (gnp).,-,national,7.343101501464844
"he was good, better than jon let on, said the kal.",he,ka,5.610246181488037
yeah there's not too many not too many big ones around here,it,yeah,13.437692642211914
"now enjoy it, buon viaggio!",is,enjoy,5.864642143249512
yeah you know uh is he going to yell at me for buying this with this you know and he's not a yeller though but,',uh,12.663640022277832
you you have exceeded your ten minutes time limit hang up within the next thirty seconds so,the,you,5.804590225219727
how do we know this?,.,how,8.2674560546875
"according to usa today , most of the country will experience cloudy but good weather tuesday.",the,usa,7.333467483520508
it was a ruse? asked adrin.,-,?,8.126619338989258
"and in between, you'll come upon the historic towns of toulouse, albi, and montpellier.",',montpellier,16.364120483398438
 now talk to me about that.,.,that,4.349952697753906
trial lawyers courted him and his party with tons of money.,lots,tons,3.995924949645996
"competition is generally believed to lead to efficiency, be it economic or technical.",/,economic,7.433460235595703
the cattle and sheep markets are not tourist attractions as such.,une,not,6.573691368103027
"would you believe, mister kirby, these were brought to me by amos lutterfield? ",.,amos,13.350231170654297
"truly, i believe the country is in the best of hands, but how do i rid myself of these impure thoughts?",.,thoughts,16.15608787536621
we've all got our campaign ribbons from the war of hr22.,',',0.20850977301597595
"these patients were more likely to be young, male, disheveled, uninsured, and low income.",##eve,##eve,0.00020430385484360158
more and more caravans and riders crossed ca'daan's path as he grew closer to fena kef.,',s,9.109100341796875
really?  ,what,really,5.448475360870361
"for the moment, i set aside utterly any suspicions of her. ",about,of,3.1500797271728516
so uh that's where i learned about,go,learned,4.218833923339844
maybe it's not such a bad idea with this kefir.,was,',3.528191566467285
"most drivers will be able to point out the bok house, transformed into the elegant coq d'or restaurant.",find,point,5.885678768157959
jerusalem flourished during the early years of the mandate.,.,during,6.265970706939697
"we get a lot of that, she said, noting that so far only lavar bud stark is pitching in.",',only,8.891505241394043
that that was the reason i had to replace mine,',had,2.8443267345428467
how are things in your area in that respect,life,area,7.397132873535156
" oh, listen, i was so pregnant during those years.",days,years,1.6801398992538452
as mexicans yes that that,",",yes,10.120590209960938
corpus well uh south padre is on down the bend,the,well,11.104150772094727
"cavendish, i much fear there is no coincidence there. ",.,there,15.84277057647705
she's always been concerned with helping people.,credited,concerned,4.574310302734375
mail used by non-households to send and pay bills to other non-households).,by,by,0.7087121605873108
i like him because he's reckless,the,him,4.375192165374756
we have exposed the counterrevolutionary machinations of richard ford and amy tan.,iii,ford,7.5666913986206055
this was going to work.,the,this,4.184611797332764
"surprisingly, the $10 million spectacular is not broadway's all-time biggest flop.",10,10,2.59116268157959
well listen you think they've earned their money we've earned our money tonight,and,',5.193805694580078
"from here, you'll get a full view of the line of five windmills that sit above the town.",complement,view,2.73519229888916
totally different wardrobe with different fabrics you know heavier wools and,you,you,0.6866949796676636
um for the worst i would assume,.,um,12.859869003295898
uh-huh of the second one,uh,uh,0.33974647521972656
what if a foundering political campaign were the wacky premise for a failing tv show!,party,campaign,7.608249664306641
it was nice talking to you too and we'll probably be talking to you again okay okay bye-bye,',probably,8.063952445983887
"in other words, there is no difference between my description of their argument and their own.",capt,own,4.41652774810791
the newswoman helped arrange a larger apartment and psychiatric care for the family.,and,the,2.7267675399780273
why would you assume that this comment has to do with african-americans anyway?,?,assume,9.089425086975098
and of course the shower pan is a pretty fragile piece of uh of metal or plastic whichever it is anyway so,##ting,the,2.6070098876953125
"he'd have to shield the cord from the sun stuff, but that could be done.",.,the,5.839293956756592
"however, this climb never happened.",the,this,2.8832788467407227
"well, he showed them.",he,well,10.399325370788574
"a shorter newsweek story labels these dropouts young unhappy professionals (unhappy, that is, till they drop out).",',unhappy,14.127628326416016
"depends on which wires connect which chips, not on the fact that a given wire is green.",une,green,8.271235466003418
"henry's, at the henry grattan lounge in baggot street, serves good food.",##t,##t,0.22319285571575165
(the 21 heads discovered in 1977 are now displayed in the mus??e de cluny; . ),was,heads,10.855173110961914
there is a subtle sexism in  the female domestic tycoon is obliged to behave better than the guys.,so,obliged,10.984454154968262
"he worries things out slowly, and once he's got hold of anything he does not let go.",did,worries,10.31271743774414
and we did not ever call it uh cokes and such you know we call it soda,many,we,5.347530364990234
that's how i am yeah,it,that,2.202911615371704
they they were forced to put her in a nursing home,was,were,2.864047050476074
that bears out my little idea entirely.,came,bears,8.97111701965332
"sure, it drags a bit without the volatile repartee of the earlier albums.",.,the,4.814011573791504
locals shrug and suggest that the shoreline's topography must have changed in the 500 years since columbus.,',that,4.728684425354004
the staff can introduce you to 19 of the over 150 breeds of sheep.,the,to,2.7231497764587402
"from the beginning, las vegas was built to serve travelers.",',",",5.223944664001465
okay i think la law,i,i,0.20840486884117126
they are classified as (a) offsetting receipts (i.e.,was,are,4.724742889404297
an article says the united states must not sacrifice its democratic ideals in order to sell a few more big macs.,in,in,1.0754163265228271
"i was sitting in a helicopter, on the edge of my seat.",small,helicopter,9.094400405883789
"sent the signal, consciously or not, that she was not entirely free of shame herself.",",",consciously,10.754902839660645
'you want me to flush him out of hiding.',of,of,0.056713201105594635
they look to washington to mitigate the new economy's negative consequences.,i,they,2.875980854034424
right in yeah right in uh almost right in downtown,",",in,4.938571929931641
"there were no windows, which seemed queer.",it,which,7.225600242614746
"well, why read any type of fiction?",this,any,4.478718280792236
i think it would be wrong for us to kill him for the americans to kill him,aw,wrong,8.095648765563965
yeah i think it's fun i like just looking at the billboards,was,s,7.642037868499756
kentucky's current fee for filing a case in district court is $50.,the,filing,7.371249198913574
you know put seventy or ninety pounds on their back and go hiking uh  but uh it can be a lot of fun,',uh,12.193199157714844
where you they extend the warranty,have,extend,9.35327434539795
whatever they are i i do i find and and they go alone with that just the things you get in the mail,:,they,4.50187349319458
program information,general,program,7.1102614402771
can anything be done?,',anything,9.505424499511719
"productivity  business sector and major subsectors, bls handbook of methods (april 1997), pp. 89-98.",?,98,8.778929710388184
"22 ""i must make my apologies,"" said the doctor. ",bed,apologies,10.556007385253906
where there are more than one family in a house,the,a,1.8372259140014648
" tiny, carefully polished chips from the stars were ready, and men began placing them delicately on the shell.",also,carefully,6.2676191329956055
i waiteduntil i heard the outside door clank shutbefore i followed.,the,outside,11.443721771240234
nice talking to you too well i appreciate it and and good luck with your uh your future your hopes of buy a winnebago,",",too,5.892209053039551
"i do not know if i was in heaven or hell, said lillian carter, the president's mother, after a visit.",.,know,5.260720729827881
yeah and watch the cats tear it up,the,it,4.609894752502441
understood what?,.,what,9.308121681213379
"of course, the pair ends up in the middle of every conflagration.",course,course,0.35779401659965515
how what do you do,i,you,2.8331024646759033
" buenos días, don cazar. for so small a man the mexican on the cart seat produced a trumpet-sized voice.",many,small,5.868123531341553
and analysis in case extensive or thick analysisstudiesa,has,case,12.563728332519531
do not miss taking a boat cruise from the little resort town of porto.,sea,boat,6.278021335601807
"for the first time, the tv stations reached the state when commercials were shown 24 hours a day.",.,hours,4.90392541885376
tuppence was in that house! ,the,that,5.041635990142822
"this column, as my first in the strange bed, is free of history.",in,the,4.110369682312012
san'doro stood.,hi,do,5.296379089355469
"south of gezira is roda island, home to manial palace, now converted into an art gallery.",of,of,0.4456363320350647
"well, i guess i'd better buy a car, a slap-up one, dress as a chauffeur and hang about outside.",##bo,-,2.8703629970550537
have you ever been there,had,ever,9.652961730957031
depression was settling on him like a leaden weight.,light,lead,1.4453213214874268
"i cannot believe she's really one of them, sir.",',them,6.073062896728516
money money! ,the,money,4.213144302368164
america's children are particularly affected by poverty.,was,are,3.161083221435547
exactly so they got rid of that tax in a hurry,.,of,0.9766412377357483
